experiment,site_id,site_name,state,latitude,longitude,elevation_m,water_year,temp_bias_C,precip_bias_pct,bias_category,note
1 (development),791:WA:SNTL,Stevens Pass,WA,47.7461,-121.0929,1204,2020,0.28,-6.16,LOW_BIAS,
1 (development),791:WA:SNTL,Stevens Pass,WA,47.7461,-121.0929,1204,2022,0.15,-1.49,LOW_BIAS,
1 (development),679:WA:SNTL,Paradise,WA,46.7826,-121.7476,1564,2020,-0.79,-1.64,LOW_BIAS,
1 (development),679:WA:SNTL,Paradise,WA,46.7826,-121.7476,1564,2022,-0.8,2.28,LOW_BIAS,
1 (development),679:WA:SNTL,Paradise,WA,46.7826,-121.7476,1564,2023,-0.78,-0.6,LOW_BIAS,
1 (development),574:CA:SNTL,Leavitt Lake,CA,38.2759,-119.6128,2987,2015,0.21,-0.67,LOW_BIAS,
1 (development),574:CA:SNTL,Leavitt Lake,CA,38.2759,-119.6128,2987,2021,-0.02,-7.27,LOW_BIAS,
1 (development),574:CA:SNTL,Leavitt Lake,CA,38.2759,-119.6128,2987,2022,-0.02,-8.96,LOW_BIAS,
1 (development),428:CA:SNTL,Css Lab,CA,39.3257,-120.3681,2101,2024,-0.55,-3.01,LOW_BIAS,
1 (development),428:CA:SNTL,Css Lab,CA,39.3257,-120.3681,2103,2022,0.53,-9.86,LOW_BIAS,Run label Donner_Summit; station is CSS Lab (428:CA:SNTL) as served by SNOTEL/HydroData
1 (development),822:WY:SNTL,Togwotee Pass,WY,43.749,-110.0578,2936,2020,0.69,-7.43,LOW_BIAS,
1 (development),822:WY:SNTL,Togwotee Pass,WY,43.749,-110.0578,2920,2024,-0.35,-5.75,LOW_BIAS,
1 (development),384:WY:SNTL,Canyon,WY,44.7196,-110.5108,2438,1995,0.35,-9.83,LOW_BIAS,
1 (development),384:WY:SNTL,Canyon,WY,44.7196,-110.5108,2399,2000,-0.43,-1.44,LOW_BIAS,
1 (development),335:CO:SNTL,Berthoud Summit,CO,39.8036,-105.7779,3536,2024,-0.04,-7.17,LOW_BIAS,
1 (development),737:CO:SNTL,Schofield Pass,CO,39.0147,-107.0493,3261,2024,0.94,-8.0,LOW_BIAS,
1 (development),670:MT:SNTL,Northeast Entrance,MT,45.0056,-110.0141,2286,1995,-0.06,-4.51,LOW_BIAS,
1 (development),366:UT:SNTL,Brighton,UT,40.5994,-111.5817,2672,2024,-0.83,1.33,LOW_BIAS,
1 (development),708:NM:SNTL,Quemazon,NM,35.922,-106.3918,2898,2020,-0.53,-0.07,LOW_BIAS,
1 (development),708:NM:SNTL,Quemazon,NM,35.922,-106.3918,2926,2023,0.5,-2.08,LOW_BIAS,
2 (validation),576:MT:SNTL,Lemhi Ridge,MT,44.9938,-113.444,2469,2000,-0.48,-5.57,LOW_BIAS,
2 (validation),436:MT:SNTL,Darkhorse Lake,MT,45.1737,-113.5845,2726,2000,-0.78,-7.58,LOW_BIAS,
2 (validation),472:WY:SNTL,Evening Star,WY,44.6526,-109.7842,2804,2000,-0.33,-3.37,LOW_BIAS,
2 (validation),923:WY:SNTL,Deer Park,WY,42.5908,-108.9027,2957,2000,-0.35,-8.5,LOW_BIAS,
2 (validation),303:CO:SNTL,Apishapa,CO,37.3307,-105.0677,3056,2015,-0.12,-9.87,LOW_BIAS,
2 (validation),715:NM:SNTL,Red River Pass #2,NM,36.6994,-105.3414,3004,1990,0.25,-6.45,LOW_BIAS,
2 (validation),353:WY:SNTL,Blind Bull Sum,WY,42.964,-110.6097,2637,2005,0.3,4.8,LOW_BIAS,
2 (validation),468:WY:SNTL,Elkhart Park G.S.,WY,43.0066,-109.7589,2865,1995,-0.55,-3.26,LOW_BIAS,
2 (validation),780:CO:SNTL,Spud Mountain,CO,37.6988,-107.7784,3253,2000,0.4,-7.03,LOW_BIAS,
2 (validation),561:UT:SNTL,Kolob,UT,37.5266,-113.0539,2823,2024,0.1,-8.95,LOW_BIAS,
2 (validation),495:UT:SNTL,Gooseberry RS,UT,38.8003,-111.6833,2421,2022,0.34,-2.53,LOW_BIAS,
2 (validation),1049:CA:SNTL,Forestdale Creek,CA,38.6824,-119.9597,2444,2010,-0.34,-9.42,LOW_BIAS,
2 (validation),541:CA:SNTL,Independence Lake,CA,39.4275,-120.3134,2541,2015,0.55,-8.82,LOW_BIAS,
2 (validation),666:OR:SNTL,North Fork,OR,45.5505,-122.0028,933,2003,0.44,-8.45,LOW_BIAS,
2 (validation),1263:WA:SNTL,Pinto Rock,WA,46.3232,-121.9422,1353,2023,-0.16,2.42,LOW_BIAS,
2 (validation),681:WA:SNTL,Park Creek Ridge,WA,48.4449,-120.9155,1402,2022,0.87,0.85,LOW_BIAS,
2 (validation),803:ID:SNTL,Sunset,ID,47.5554,-115.8242,1689,2020,-0.85,-3.92,LOW_BIAS,
2 (validation),530:MT:SNTL,Hoodoo Basin,MT,46.9751,-115.0349,1844,2010,-0.37,-4.75,LOW_BIAS,
2 (validation),312:ID:SNTL,Banner Summit,ID,44.3034,-115.2345,2146,2020,0.09,-8.45,LOW_BIAS,
2 (validation),1067:CA:SNTL,Carson Pass,CA,38.6927,-120.0022,2548,2021,0.0,-0.02,LOW_BIAS,
2 (validation),917:MT:SNTL,Rocky Boy,MT,48.1748,-109.6473,1433,2020,-0.42,-7.24,LOW_BIAS,
2 (validation),876:MT:SNTL,Wood Creek,MT,47.4485,-112.8143,1817,2020,0.38,-8.95,LOW_BIAS,
2 (validation),700:MT:SNTL,Porcupine,MT,46.1119,-110.4696,1981,2000,-0.69,7.72,LOW_BIAS,
2 (validation),578:MT:SNTL,Lick Creek,MT,45.5041,-110.9662,2091,2015,-0.08,5.55,LOW_BIAS,
2 (validation),1008:MT:SNTL,Onion Park,MT,46.9135,-110.8536,2259,2015,0.02,-9.12,LOW_BIAS,
2 (validation),448:MT:SNTL,Divide,MT,44.7932,-112.0564,2377,1990,0.37,-2.92,LOW_BIAS,
2 (validation),872:WY:SNTL,Windy Peak,WY,42.2799,-105.5778,2412,2000,0.03,-5.88,LOW_BIAS,
2 (validation),878:WY:SNTL,Younts Peak,WY,43.9323,-109.8178,2545,1995,0.06,-2.36,LOW_BIAS,
2 (validation),403:MT:SNTL,Clover Meadow,MT,45.0179,-111.8456,2621,2000,-0.68,-4.44,LOW_BIAS,
2 (validation),696:MT:SNTL,Placer Basin,MT,45.419,-110.0884,2691,2000,-0.28,-5.25,LOW_BIAS,
2 (validation),1122:CO:SNTL,Hourglass Lake,CO,40.5772,-105.6258,2870,2022,-0.79,1.75,LOW_BIAS,
2 (validation),1123:CO:SNTL,Long Draw Resv,CO,40.5115,-105.7654,3050,2023,0.17,0.07,LOW_BIAS,
2 (validation),367:WY:SNTL,Brooklyn Lake,WY,41.3604,-106.2304,3124,2000,0.46,1.42,LOW_BIAS,
2 (validation),870:CO:SNTL,Willow Park,CO,40.434,-105.7359,3271,1995,0.3,-2.57,LOW_BIAS,
2 (validation),394:NM:SNTL,Chamita,NM,36.9561,-106.6572,2555,1995,0.98,0.65,LOW_BIAS,
2 (validation),327:CO:SNTL,Beartown,CO,37.7143,-107.5124,3536,1995,0.77,0.45,LOW_BIAS,
2 (validation),317:WY:SNTL,Battle Mountain,WY,41.054,-107.2667,2285,1995,0.14,-9.49,LOW_BIAS,
2 (validation),435:UT:SNTL,Daniels-Strawberry,UT,40.2953,-111.2568,2441,2023,-0.64,-8.55,LOW_BIAS,
2 (validation),457:CO:SNTL,Dry Lake,CO,40.5337,-106.7814,2521,2021,-0.27,5.97,LOW_BIAS,
2 (validation),1215:UT:SNTL,Lasal Mountain-Lower,UT,38.4817,-109.2916,2677,2023,-0.59,6.25,LOW_BIAS,
2 (validation),793:CO:SNTL,Stillwater Creek,CO,40.2253,-105.9198,2707,2005,0.31,-3.83,LOW_BIAS,
2 (validation),426:CO:SNTL,Crosho,CO,40.1675,-107.0577,2735,1995,0.95,-4.86,LOW_BIAS,
2 (validation),342:WY:SNTL,Big Sandy Opening,WY,42.6458,-109.2596,2768,2000,-0.16,-0.6,LOW_BIAS,
2 (validation),669:CO:SNTL,North Lost Trail,CO,39.0782,-107.1439,2810,2010,0.42,1.53,LOW_BIAS,
2 (validation),869:CO:SNTL,Willow Creek Pass,CO,40.3473,-106.0952,2903,2010,0.32,-8.38,LOW_BIAS,
2 (validation),827:CO:SNTL,Trapper Lake,CO,39.9988,-107.2362,2975,2021,-0.75,-5.03,LOW_BIAS,
2 (validation),682:CO:SNTL,Park Reservoir,CO,39.0443,-107.8795,3044,2010,0.1,-6.59,LOW_BIAS,
2 (validation),586:CO:SNTL,Lizard Head Pass,CO,37.799,-107.9248,3107,2005,0.51,-2.93,LOW_BIAS,
2 (validation),415:CO:SNTL,Copper Mountain,CO,39.4892,-106.1715,3207,1990,0.91,-7.23,LOW_BIAS,
2 (validation),513:UT:SNTL,Lakefork Basin,UT,40.7378,-110.6212,3318,2023,-0.73,-1.46,LOW_BIAS,
2 (validation),531:CO:SNTL,Hoosier Pass,CO,39.3609,-106.06,3539,2015,-0.48,-8.51,LOW_BIAS,
2 (validation),1212:AZ:SNTL,Bar M,AZ,34.8614,-111.605,1950,2015,0.92,-5.71,LOW_BIAS,
2 (validation),640:AZ:SNTL,Mormon Mountain,AZ,34.9414,-111.5186,2286,1990,0.13,-5.05,LOW_BIAS,
2 (validation),902:AZ:SNTL,Beaver Head,AZ,33.6912,-109.2168,2462,2021,0.34,2.07,LOW_BIAS,
2 (validation),333:UT:SNTL,Ben Lomond Trail,UT,41.3829,-111.921,1820,2023,0.45,6.54,LOW_BIAS,
2 (validation),540:CA:SNTL,Independence Creek,CA,39.49,-120.2823,1962,2023,0.43,4.03,LOW_BIAS,
2 (validation),848:CA:SNTL,Ward Creek #3,CA,39.1354,-120.2186,2056,2023,0.88,-8.58,LOW_BIAS,
2 (validation),1145:UT:SNTL,Kilfoil Creek,UT,41.2476,-111.4125,2201,2023,0.31,-7.35,LOW_BIAS,
2 (validation),1013:UT:SNTL,Temple Fork,UT,41.793,-111.546,2257,2024,-0.09,-0.18,LOW_BIAS,
2 (validation),1114:UT:SNTL,Garden City Summit,UT,41.9215,-111.4693,2348,2015,0.98,-4.55,LOW_BIAS,
2 (validation),533:UT:SNTL,Horse Ridge,UT,41.3137,-111.4462,2499,2005,0.16,-0.8,LOW_BIAS,
2 (validation),462:CA:SNTL,Ebbetts Pass,CA,38.5497,-119.8047,2640,2010,-0.33,-7.75,LOW_BIAS,
2 (validation),992:UT:SNTL,Bear River RS,UT,40.8852,-110.8277,2675,2015,0.27,5.46,LOW_BIAS,
2 (validation),579:UT:SNTL,Lily Lake,UT,40.8649,-110.7981,2784,2005,-0.44,-0.66,LOW_BIAS,
2 (validation),1052:CA:SNTL,Summit Meadow,CA,38.3975,-119.5352,2839,2010,-0.28,-2.56,LOW_BIAS,
2 (validation),983:UT:SNTL,Clayton Springs,UT,37.9725,-111.8336,3063,2015,0.83,-1.9,LOW_BIAS,
2 (validation),1084:OR:SNTL,Miller Woods,OR,45.2475,-123.2756,128,2015,0.66,-0.5,LOW_BIAS,
2 (validation),710:OR:SNTL,Railroad Overpass,OR,43.6589,-122.2127,817,2020,-0.13,9.27,LOW_BIAS,
2 (validation),897:WA:SNTL,Meadows Pass,WA,47.2831,-121.472,985,2022,0.48,-0.13,LOW_BIAS,
2 (validation),398:OR:SNTL,Clackamas Lake,OR,45.0966,-121.7544,1036,2024,0.8,-0.79,LOW_BIAS,
2 (validation),777:WA:SNTL,Spirit Lake,WA,46.2611,-122.1772,1073,1990,-0.1,9.46,LOW_BIAS,
2 (validation),434:OR:SNTL,Daly Lake,OR,44.5215,-122.0872,1125,2021,-0.38,3.06,LOW_BIAS,
2 (validation),975:WA:SNTL,Swamp Creek,WA,48.5714,-120.7827,1198,2020,0.06,9.01,LOW_BIAS,
2 (validation),584:OR:SNTL,Little Meadows,OR,44.613,-122.2256,1225,1995,0.88,-9.25,LOW_BIAS,
2 (validation),729:OR:SNTL,Salt Creek Falls,OR,43.6119,-122.1176,1286,2023,-0.2,-5.42,LOW_BIAS,
2 (validation),500:MT:SNTL,Grave Creek,MT,48.9145,-114.7666,1311,2015,-0.26,0.43,LOW_BIAS,
2 (validation),1043:WA:SNTL,Sentinel Butte,WA,48.8613,-118.3984,1426,2015,-0.17,6.43,LOW_BIAS,
2 (validation),422:OR:SNTL,County Line,OR,45.1911,-118.5502,1472,2021,-0.25,-9.73,LOW_BIAS,
2 (validation),346:MT:SNTL,Bisson Creek,MT,47.6839,-113.999,1500,2015,0.59,-1.89,LOW_BIAS,
2 (validation),388:OR:SNTL,Cascade Summit,OR,43.5904,-122.0601,1554,2000,0.23,-4.9,LOW_BIAS,
2 (validation),331:OR:SNTL,Beaver Reservoir,OR,45.1453,-118.219,1570,1995,0.9,-7.19,LOW_BIAS,
2 (validation),1085:WA:SNTL,Cayuse Pass,WA,46.8695,-121.5343,1597,2015,0.33,-7.8,LOW_BIAS,
2 (validation),651:OR:SNTL,Mt Hood Test Site,OR,45.321,-121.7158,1637,2015,-0.2,-6.58,LOW_BIAS,
2 (validation),642:WA:SNTL,Morse Lake,WA,46.9058,-121.4827,1649,2020,-0.28,-9.38,LOW_BIAS,
2 (validation),815:OR:SNTL,Three Creeks Meadow,OR,44.1442,-121.641,1734,2003,-0.17,-2.95,LOW_BIAS,
2 (validation),756:OR:SNTL,Silver Creek,OR,42.9562,-121.1812,1750,2003,-0.11,-7.82,LOW_BIAS,
2 (validation),750:NV:SNTL,Sheldon,NV,41.9044,-119.4446,1788,2015,-0.27,-1.97,LOW_BIAS,
2 (validation),782:ID:SNTL,Squaw Flat,ID,44.7709,-116.248,1902,2021,0.18,-4.82,LOW_BIAS,
2 (validation),811:NV:SNTL,Taylor Canyon,NV,41.2287,-116.0293,1928,2005,-0.03,-8.43,LOW_BIAS,
2 (validation),515:WA:SNTL,Harts Pass,WA,48.7205,-120.6586,1978,2022,-0.64,-4.88,LOW_BIAS,
2 (validation),749:ID:SNTL,Sheep Mtn.,ID,43.2103,-111.6879,2027,1995,0.02,-6.84,LOW_BIAS,
2 (validation),336:NV:SNTL,Big Bend,NV,41.7617,-115.6931,2103,2024,-0.33,4.64,LOW_BIAS,
2 (validation),760:MT:SNTL,Skalkaho Summit,MT,46.2421,-113.7725,2210,2000,0.38,-9.92,LOW_BIAS,
2 (validation),792:ID:SNTL,Stickney Mill,ID,43.8612,-114.209,2265,1990,0.48,9.8,LOW_BIAS,
2 (validation),730:WY:SNTL,Salt River Summit,WY,42.5075,-110.9099,2329,2020,-0.7,-4.59,LOW_BIAS,
2 (validation),320:ID:SNTL,Bear Canyon,ID,43.7437,-113.938,2408,2021,0.81,-6.45,LOW_BIAS,
2 (validation),698:NV:SNTL,Pole Creek R.S.,NV,41.8725,-115.2471,2548,2010,-0.53,-5.57,LOW_BIAS,
2 (validation),944:WY:SNTL,Gunsight Pass,WY,43.3833,-109.8782,2993,2000,-0.32,-7.42,LOW_BIAS,
2 (validation),1158:OR:SNTL,Howard Prairie,OR,42.215,-122.3713,1396,2015,0.14,5.31,LOW_BIAS,
2 (validation),406:OR:SNTL,Cold Springs Camp,OR,42.533,-122.1768,1811,2015,0.36,-2.85,LOW_BIAS,
3 (high-bias),458:MT:SNTL,Dupuyer Creek,MT,48.0634,-112.7573,1753,2010,-1.04,-15.57,BOTH_BIASES,
3 (high-bias),379:WY:SNTL,Burroughs Creek,WY,43.6973,-109.6702,2667,1990,1.01,-52.77,BOTH_BIASES,
3 (high-bias),938:CO:SNTL,Buckskin Joe,CO,39.3038,-106.1132,3403,2003,-2.06,-26.69,BOTH_BIASES,
3 (high-bias),394:NM:SNTL,Chamita,NM,36.9561,-106.6572,2555,2003,1.07,-18.49,BOTH_BIASES,
3 (high-bias),317:WY:SNTL,Battle Mountain,WY,41.054,-107.2667,2285,2023,-1.18,-31.62,BOTH_BIASES,
3 (high-bias),762:CO:SNTL,Slumgullion,CO,37.9908,-107.2039,3523,2005,1.11,-23.13,BOTH_BIASES,
3 (high-bias),1212:AZ:SNTL,Bar M,AZ,34.8614,-111.605,1950,2024,1.59,-23.65,BOTH_BIASES,
3 (high-bias),778:CA:SNTL,Spratt Creek,CA,38.6663,-119.8174,1848,2024,-1.05,13.02,BOTH_BIASES,
3 (high-bias),339:UT:SNTL,Big Flat,UT,38.3018,-112.3567,3154,2003,1.21,-19.97,BOTH_BIASES,
3 (high-bias),928:WA:SNTL,Huckleberry Creek,WA,47.0656,-121.5878,686,2005,1.11,16.06,BOTH_BIASES,
3 (high-bias),510:MT:SNTL,Hand Creek,MT,48.3075,-114.8408,1535,2003,-1.01,-24.53,BOTH_BIASES,
3 (high-bias),1207:NV:SNTL,Merritt Mountain,NV,41.8927,-115.858,2108,2021,-1.31,-11.73,BOTH_BIASES,
3 (high-bias),944:WY:SNTL,Gunsight Pass,WY,43.3833,-109.8782,2993,2003,-1.05,-21.34,BOTH_BIASES,
3 (high-bias),917:MT:SNTL,Rocky Boy,MT,48.1748,-109.6473,1433,2005,-0.22,-26.37,PRECIP_BIAS_ONLY,
3 (high-bias),649:MT:SNTL,Mount Lockhart,MT,47.9173,-112.8238,1951,1990,-0.48,-24.25,PRECIP_BIAS_ONLY,
3 (high-bias),858:MT:SNTL,Whiskey Creek,MT,44.6109,-111.15,2073,2003,0.1,-65.39,PRECIP_BIAS_ONLY,
3 (high-bias),1008:MT:SNTL,Onion Park,MT,46.9135,-110.8536,2259,2022,-0.19,-31.91,PRECIP_BIAS_ONLY,
3 (high-bias),328:MT:SNTL,Beaver Creek,MT,44.9497,-111.3585,2393,2000,0.53,10.14,PRECIP_BIAS_ONLY,
3 (high-bias),813:MT:SNTL,Tepee Creek,MT,44.7856,-111.71,2438,2005,-0.89,-40.73,PRECIP_BIAS_ONLY,
3 (high-bias),512:WY:SNTL,Hansen Sawmill,WY,44.256,-106.9798,2548,2021,-0.64,-31.31,PRECIP_BIAS_ONLY,
3 (high-bias),1286:MT:SNTL,Slagamelt Lakes,MT,45.3653,-113.7183,2627,2021,-0.78,-34.11,PRECIP_BIAS_ONLY,
3 (high-bias),1131:WY:SNTL,Little Goose,WY,44.5432,-107.1786,2704,2022,-0.02,-29.73,PRECIP_BIAS_ONLY,
3 (high-bias),1032:CO:SNTL,Rawah,CO,40.7079,-106.0073,2764,2005,-0.64,-45.4,PRECIP_BIAS_ONLY,
3 (high-bias),683:WY:SNTL,Parker Peak,WY,44.734,-109.9148,2865,2015,-0.07,-19.08,PRECIP_BIAS_ONLY,
3 (high-bias),1046:WY:SNTL,Cinnabar Park,WY,41.2384,-106.231,2959,2021,-0.1,-20.42,PRECIP_BIAS_ONLY,
3 (high-bias),668:WY:SNTL,North French Creek,WY,41.3309,-106.3756,3095,2015,0.11,-18.38,PRECIP_BIAS_ONLY,
3 (high-bias),870:CO:SNTL,Willow Park,CO,40.434,-105.7359,3271,2010,-0.84,-25.33,PRECIP_BIAS_ONLY,
3 (high-bias),303:CO:SNTL,Apishapa,CO,37.3307,-105.0677,3056,2023,-0.75,-25.03,PRECIP_BIAS_ONLY,
3 (high-bias),394:NM:SNTL,Chamita,NM,36.9561,-106.6572,2555,2023,-0.06,-23.28,PRECIP_BIAS_ONLY,
3 (high-bias),1173:NM:SNTL,Garita Peak,NM,36.0047,-106.548,3083,2023,-0.77,-42.18,PRECIP_BIAS_ONLY,
3 (high-bias),1058:CO:SNTL,Grayback,CO,37.4705,-106.5379,3544,2010,0.1,-23.8,PRECIP_BIAS_ONLY,
3 (high-bias),317:WY:SNTL,Battle Mountain,WY,41.054,-107.2667,2285,2024,-0.24,-27.29,PRECIP_BIAS_ONLY,
3 (high-bias),1236:UT:SNTL,Corral,UT,39.658,-110.3791,2501,2022,0.46,-12.13,PRECIP_BIAS_ONLY,
3 (high-bias),559:UT:SNTL,Kings Cabin,UT,40.7163,-109.544,2660,2024,0.46,-15.34,PRECIP_BIAS_ONLY,
3 (high-bias),793:CO:SNTL,Stillwater Creek,CO,40.2253,-105.9198,2707,2010,-0.39,-11.26,PRECIP_BIAS_ONLY,
3 (high-bias),688:CO:SNTL,Phantom Valley,CO,40.398,-105.8461,2757,2015,0.08,15.78,PRECIP_BIAS_ONLY,
3 (high-bias),444:UT:SNTL,Dills Camp,UT,39.0455,-111.4688,2813,2020,-0.45,-10.87,PRECIP_BIAS_ONLY,
3 (high-bias),348:UT:SNTL,Black Flat-U.M. Ck,UT,38.6799,-111.5976,2869,2010,0.12,10.21,PRECIP_BIAS_ONLY,
3 (high-bias),1192:UT:SNTL,Buck Pasture,UT,40.8446,-110.6607,2936,2021,0.63,-18.03,PRECIP_BIAS_ONLY,
3 (high-bias),629:CO:SNTL,Mineral Creek,CO,37.8474,-107.7266,3062,2021,0.28,12.19,PRECIP_BIAS_ONLY,
3 (high-bias),842:CO:SNTL,Vail Mountain,CO,39.6176,-106.3802,3142,1990,0.89,-24.45,PRECIP_BIAS_ONLY,
3 (high-bias),632:CO:SNTL,Molas Lake,CO,37.7493,-107.6893,3240,2024,-0.33,-19.07,PRECIP_BIAS_ONLY,
3 (high-bias),513:UT:SNTL,Lakefork Basin,UT,40.7378,-110.6212,3318,2015,-0.13,-11.27,PRECIP_BIAS_ONLY,
3 (high-bias),531:CO:SNTL,Hoosier Pass,CO,39.3609,-106.06,3539,2022,-0.84,-18.5,PRECIP_BIAS_ONLY,
3 (high-bias),1212:AZ:SNTL,Bar M,AZ,34.8614,-111.605,1950,2021,0.81,-21.76,PRECIP_BIAS_ONLY,
3 (high-bias),519:AZ:SNTL,Heber,AZ,34.3125,-110.7543,2333,2010,-0.02,-16.82,PRECIP_BIAS_ONLY,
3 (high-bias),1125:AZ:SNTL,Mormon Mtn Summit,AZ,34.9694,-111.5087,2579,2015,-0.93,-21.25,PRECIP_BIAS_ONLY,
3 (high-bias),927:AZ:SNTL,Snowslide Canyon,AZ,35.3418,-111.6508,2970,2010,-0.58,-17.78,PRECIP_BIAS_ONLY,
3 (high-bias),333:UT:SNTL,Ben Lomond Trail,UT,41.3829,-111.921,1820,2022,0.45,-10.22,PRECIP_BIAS_ONLY,
3 (high-bias),1195:NV:SNTL,Golconda,NV,40.8836,-117.5881,2017,2023,-0.68,-34.46,PRECIP_BIAS_ONLY,
3 (high-bias),2170:NV:SNTL,Porter Canyon,NV,39.4654,-117.6207,2191,2023,-0.15,-40.83,PRECIP_BIAS_ONLY,
3 (high-bias),684:UT:SNTL,Parleys Summit,UT,40.7618,-111.6292,2312,2020,0.03,-13.97,PRECIP_BIAS_ONLY,
3 (high-bias),1039:UT:SNTL,Cascade Mountain,UT,40.283,-111.6099,2370,2020,0.05,-20.44,PRECIP_BIAS_ONLY,
3 (high-bias),592:UT:SNTL,Long Flat,UT,37.5126,-113.3966,2433,2015,-0.21,-12.66,PRECIP_BIAS_ONLY,
3 (high-bias),1051:CA:SNTL,Burnside Lake,CA,38.7194,-119.8942,2478,2024,0.89,-13.85,PRECIP_BIAS_ONLY,
3 (high-bias),1098:UT:SNTL,Usu Doc Daniel,UT,41.8642,-111.506,2521,2021,0.1,-16.36,PRECIP_BIAS_ONLY,
3 (high-bias),1300:UT:SNTL,Powder Mountain,UT,41.3743,-111.7667,2592,2022,-0.13,-13.04,PRECIP_BIAS_ONLY,
3 (high-bias),621:UT:SNTL,Merchant Valley,UT,38.3028,-112.4364,2653,2023,0.63,-10.58,PRECIP_BIAS_ONLY,
3 (high-bias),634:UT:SNTL,Monte Cristo,UT,41.4655,-111.4969,2722,2020,-0.23,-19.2,PRECIP_BIAS_ONLY,
3 (high-bias),766:UT:SNTL,Snowbird,UT,40.5691,-111.6585,2797,2020,-0.51,-10.86,PRECIP_BIAS_ONLY,
3 (high-bias),865:UT:SNTL,Widtsoe #3,UT,37.8363,-111.8816,2938,2015,0.35,-13.22,PRECIP_BIAS_ONLY,
3 (high-bias),1152:NV:SNTL,Cave Mountain,NV,39.1634,-114.6133,3224,2021,-0.1,-37.67,PRECIP_BIAS_ONLY,
3 (high-bias),743:OR:SNTL,Seine Creek,OR,45.5269,-123.2986,628,2005,0.9,-10.07,PRECIP_BIAS_ONLY,
3 (high-bias),941:WA:SNTL,Mowich,WA,46.9283,-121.9523,963,2024,0.1,11.64,PRECIP_BIAS_ONLY,
3 (high-bias),908:WA:SNTL,Alpine Meadows,WA,47.7796,-121.6985,1067,2005,-0.28,-16.62,PRECIP_BIAS_ONLY,
3 (high-bias),1257:WA:SNTL,Skate Creek,WA,46.6434,-121.8304,1149,2020,0.43,-17.32,PRECIP_BIAS_ONLY,
3 (high-bias),985:WA:SNTL,Sourdough Gulch,WA,46.2372,-117.3944,1219,2010,-0.79,-14.78,PRECIP_BIAS_ONLY,
3 (high-bias),918:MT:SNTL,Garver Creek,MT,48.9752,-115.8192,1295,2021,0.31,-10.61,PRECIP_BIAS_ONLY,
3 (high-bias),1256:WA:SNTL,Gold Mountain,WA,48.1893,-118.4559,1338,2021,0.2,-19.43,PRECIP_BIAS_ONLY,
3 (high-bias),362:OR:SNTL,Bowman Springs,OR,45.3643,-118.4672,1381,2003,0.08,-10.66,PRECIP_BIAS_ONLY,
3 (high-bias),1166:OR:SNTL,Bear Grass,OR,44.3253,-122.0938,1439,2021,-0.32,-19.3,PRECIP_BIAS_ONLY,
3 (high-bias),523:OR:SNTL,High Ridge,OR,45.6968,-118.1066,1500,2003,0.39,-16.25,PRECIP_BIAS_ONLY,
3 (high-bias),510:MT:SNTL,Hand Creek,MT,48.3075,-114.8408,1535,2005,-0.45,-20.41,PRECIP_BIAS_ONLY,
3 (high-bias),594:ID:SNTL,Lookout,ID,47.4575,-115.7046,1582,1995,0.32,-14.59,PRECIP_BIAS_ONLY,
3 (high-bias),1129:WA:SNTL,Indian Rock,WA,45.9908,-120.8077,1634,2023,0.12,-23.81,PRECIP_BIAS_ONLY,
3 (high-bias),832:WA:SNTL,Trough,WA,47.2333,-120.2941,1670,2010,-0.14,-11.46,PRECIP_BIAS_ONLY,
3 (high-bias),311:MT:SNTL,Banfield Mountain,MT,48.5712,-115.4457,1707,2020,-0.8,-20.25,PRECIP_BIAS_ONLY,
3 (high-bias),984:WA:SNTL,Spruce Springs,WA,46.1829,-117.5416,1737,2015,0.53,-13.52,PRECIP_BIAS_ONLY,
3 (high-bias),692:WA:SNTL,Pigtail Peak,WA,46.6215,-121.3864,1768,2024,-0.58,-16.81,PRECIP_BIAS_ONLY,
3 (high-bias),530:MT:SNTL,Hoodoo Basin,MT,46.9751,-115.0349,1844,1995,0.47,-10.67,PRECIP_BIAS_ONLY,
3 (high-bias),767:OR:SNTL,Snow Mountain,OR,43.9488,-119.5401,1899,2023,-0.53,-38.49,PRECIP_BIAS_ONLY,
3 (high-bias),811:NV:SNTL,Taylor Canyon,NV,41.2287,-116.0293,1928,2023,-0.11,-21.71,PRECIP_BIAS_ONLY,
3 (high-bias),1272:NV:SNTL,ONeil Creek,NV,41.8642,-115.0832,1987,2024,0.29,20.18,PRECIP_BIAS_ONLY,
3 (high-bias),770:ID:SNTL,Somsen Ranch,ID,42.9528,-111.3593,2073,1990,-0.28,-12.74,PRECIP_BIAS_ONLY,
3 (high-bias),476:NV:SNTL,Fawn Creek,NV,41.821,-116.1015,2143,2010,-0.81,-26.21,PRECIP_BIAS_ONLY,
3 (high-bias),760:MT:SNTL,Skalkaho Summit,MT,46.2421,-113.7725,2210,2010,0.54,-20.78,PRECIP_BIAS_ONLY,
3 (high-bias),359:ID:SNTL,Bostetter R.S.,ID,42.1644,-114.1927,2286,2023,-0.35,-26.37,PRECIP_BIAS_ONLY,
3 (high-bias),830:ID:SNTL,Trinity Mtn.,ID,43.629,-115.4382,2368,1990,0.52,-13.44,PRECIP_BIAS_ONLY,
3 (high-bias),534:ID:SNTL,Howell Canyon,ID,42.3203,-113.6159,2432,2005,0.33,-29.35,PRECIP_BIAS_ONLY,
3 (high-bias),915:ID:SNTL,Schwartz Lake,ID,44.8462,-113.8373,2630,2005,0.06,-33.1,PRECIP_BIAS_ONLY,
3 (high-bias),944:WY:SNTL,Gunsight Pass,WY,43.3833,-109.8782,2993,2015,-0.3,-20.03,PRECIP_BIAS_ONLY,
3 (high-bias),1158:OR:SNTL,Howard Prairie,OR,42.215,-122.3713,1396,2023,-0.27,-11.23,PRECIP_BIAS_ONLY,
3 (high-bias),1067:CA:SNTL,Carson Pass,CA,38.6927,-120.0022,2548,2023,-0.13,22.15,PRECIP_BIAS_ONLY,
3 (high-bias),458:MT:SNTL,Dupuyer Creek,MT,48.0634,-112.7573,1753,2024,-1.55,6.32,TEMP_BIAS_ONLY,
3 (high-bias),394:NM:SNTL,Chamita,NM,36.9561,-106.6572,2555,1990,1.22,-8.7,TEMP_BIAS_ONLY,
3 (high-bias),765:WY:SNTL,Snider Basin,WY,42.4949,-110.532,2457,2022,-1.21,-1.92,TEMP_BIAS_ONLY,
3 (high-bias),778:CA:SNTL,Spratt Creek,CA,38.6663,-119.8174,1848,2022,-1.13,9.87,TEMP_BIAS_ONLY,
3 (high-bias),743:OR:SNTL,Seine Creek,OR,45.5269,-123.2986,628,1990,2.29,-4.96,TEMP_BIAS_ONLY,
3 (high-bias),974:WA:SNTL,Waterhole,WA,47.9448,-123.4259,1527,2010,1.53,-9.11,TEMP_BIAS_ONLY,
3 (high-bias),1151:UT:SNTL,George Creek,UT,41.9156,-113.4115,2732,2024,1.27,-7.32,TEMP_BIAS_ONLY,
